<?xml version="1.0" encoding="UTF-8"?>
<configuration debug="true">
    <include resource="org/springframework/boot/logging/logback/defaults.xml"/>
    <appender name="STDOUT" class="ch.qos.logback.core.ConsoleAppender">
        <encoder>
            <pattern>${CONSOLE_LOG_PATTERN}</pattern>
            <charset>UTF-8</charset>
        </encoder>
    </appender>
    <logger name="ru.template.example">
        <level value="DEBUG"/>
    </logger>
    <root level="INFO">
        <appender-ref ref="STDOUT"/>
    </root>
</configuration>